{
  "9": {
    "metastable_count": 2,
    "condition_number": 1.0000000224536179,
    "spectral_ratio": 0.17724538509055224,
    "nonlocal_growth": {
      "coarsening_factors": [
        1.0,
        1.2,
        1.5,
        2.0
      ],
      "eta_values": [
        10078.98742069197,
        10078.987256233711,
        10078.987136564263,
        10078.987191479708
      ],
      "growth_rates": [
        0.9999999836830574,
        0.999999988126838,
        1.0000000054485083
      ]
    }
  },
  "10": {
    "metastable_count": 4,
    "condition_number": 1.0000000480007625,
    "spectral_ratio": 0.17724538509055246,
    "nonlocal_growth": {
      "coarsening_factors": [
        1.0,
        1.2,
        1.5,
        2.0
      ],
      "eta_values": [
        17998.972510609587,
        17998.97244309844,
        17998.972621013727,
        17998.972493212535
      ],
      "growth_rates": [
        0.9999999962491666,
        1.000000009884747,
        0.9999999928995286
      ]
    }
  }
}